Year,Volume,Issue,Title,Authors,DOI,Link
2007,1,1,1 The Fundamental Agency Problem and Its Mitigation,Dan R. Dalton; Michael A. Hitt; S. Trevis Certo; Catherine M. Dalton,10.5465/078559806,https://journals.aom.org/doi/10.5465/078559806
2007,1,1,"2 Old Assumptions, New Work",Susan J. Ashford; Elizabeth George; Ruth Blatt,10.5465/078559807,https://journals.aom.org/doi/10.5465/078559807
2007,1,1,3 Critical Management Studies,Paul S. Adler; Linda C. Forbes; Hugh Willmott,10.5465/078559808,https://journals.aom.org/doi/10.5465/078559808
2007,1,1,4 The Physical Environment in Organizations,Kimberly D. Elsbach; Michael G. Pratt,10.5465/078559809,https://journals.aom.org/doi/10.5465/078559809
2007,1,1,5 Public Administration and Organization Studies,Steven Kelman,10.5465/078559810,https://journals.aom.org/doi/10.5465/078559810
2007,1,1,6 Three Perspectives on Team Learning,Amy C. Edmondson; James R. Dillon; Kathryn S. Roloff,10.5465/078559811,https://journals.aom.org/doi/10.5465/078559811
2007,1,1,7 Emotion in Organizations,Hillary Anger Elfenbein,10.5465/078559812,https://journals.aom.org/doi/10.5465/078559812
2007,1,1,8 Leadership Research in Healthcare,Mattia J. Gilmartin; Thomas A. D'Aunno,10.5465/078559813,https://journals.aom.org/doi/10.5465/078559813
2007,1,1,9 Creativity in Organizations,Jennifer M. George,10.5465/078559814,https://journals.aom.org/doi/10.5465/078559814
2007,1,1,10 Learning and Strategic Alliances,Andrew C. Inkpen; Eric W. K. Tsang,10.5465/078559815,https://journals.aom.org/doi/10.5465/078559815
2007,1,1,11 Postcards from the Edge,Luca Berchicci; Andrew King,10.5465/078559816,https://journals.aom.org/doi/10.5465/078559816
2007,1,1,12 HRM and Distributed Work,John Paul MacDuffie,10.5465/078559817,https://journals.aom.org/doi/10.5465/078559817
2007,1,1,13 When Group Identities Matter,Loriann Roberson; Benjamin M. Galvin; Atira Cherise Charles,10.5465/078559818,https://journals.aom.org/doi/10.5465/078559818
2008,2,1,1 Moving Beyond Schumpeter: Management Research on the Determinants of Technological Innovation,Gautam Ahuja; Curba Morris Lampert; Vivek Tandon,10.5465/19416520802211446,https://journals.aom.org/doi/10.5465/19416520802211446
2008,2,1,2 Untapped Potential in the Study of Negotiation and Gender Inequality in Organizations,Hannah Riley Bowles; Kathleen L. McGinn,10.5465/19416520802211453,https://journals.aom.org/doi/10.5465/19416520802211453
2008,2,1,3 Staffing Twenty‐first‐century Organizations,Wayne F. Cascio; Herman Aguinis,10.5465/19416520802211461,https://journals.aom.org/doi/10.5465/19416520802211461
2008,2,1,4 Person–Environment Fit in Organizations: An Assessment of Theoretical Progress,Jeffrey R. Edwards,10.5465/19416520802211503,https://journals.aom.org/doi/10.5465/19416520802211503
2008,2,1,"5 Turnover and Retention Research: A Glance at the Past, a Closer Review of the Present, and a Venture into the Future",Brooks C. Holtom; Terence R. Mitchell; Thomas W. Lee; Marion B. Eberly,10.5465/19416520802211552,https://journals.aom.org/doi/10.5465/19416520802211552
2008,2,1,"6 Structure, Affect and Identity as Bases of Organizational Competition and Cooperation",Paul Ingram; Lori Qingyuan Yue,10.5465/19416520802211578,https://journals.aom.org/doi/10.5465/19416520802211578
2008,2,1,7 Getting There from Here: Research on the Effects of Work–Family Initiatives on Work–Family Conflict and Business Outcomes,Erin L. Kelly; Ellen Ernst Kossek; Leslie B. Hammer; Mary Durham; Jeremy Bray; Kelly Chermack; Lauren A. Murphy; Dan Kaskubar,10.5465/19416520802211610,https://journals.aom.org/doi/10.5465/19416520802211610
2008,2,1,8 Social Hierarchy: The Self‐Reinforcing Nature of Power and Status,Joe C. Magee; Adam D. Galinsky,10.5465/19416520802211628,https://journals.aom.org/doi/10.5465/19416520802211628
2008,2,1,9 The Case for Behavioral Decision Research in Organizational Behavior,Don A. Moore; Francis J. Flynn,10.5465/19416520802211636,https://journals.aom.org/doi/10.5465/19416520802211636
2008,2,1,"10 Sociomateriality: Challenging the Separation of Technology, Work and Organization",Wanda J. Orlikowski; Susan V. Scott,10.5465/19416520802211644,https://journals.aom.org/doi/10.5465/19416520802211644
2008,2,1,11 Evidence in Management and Organizational Science: Assembling the Field’s Full Weight of Scientific Knowledge Through Syntheses,Denise M. Rousseau; Joshua Manning; David Denyer,10.5465/19416520802211651,https://journals.aom.org/doi/10.5465/19416520802211651
2008,2,1,12 Entrepreneurship: A Field of Dreams?,Olav Sorenson; Toby E. Stuart,10.5465/19416520802211669,https://journals.aom.org/doi/10.5465/19416520802211669
2008,2,1,13 Ethical Decision Making: Where We’ve Been and Where We’re Going,Ann E. Tenbrunsel; Kristin Smith‐Crowe,10.5465/19416520802211677,https://journals.aom.org/doi/10.5465/19416520802211677
2009,3,1,1 Constitutional Amendments: “Materializing” Organizational Communication,Karen Lee Ashcraft; Timothy R. Kuhn; François Cooren,10.5465/19416520903047186,https://journals.aom.org/doi/10.5465/19416520903047186
2009,3,1,2 How Actors Change Institutions: Towards a Theory of Institutional Entrepreneurship,Julie Battilana; Bernard Leca; Eva Boxenbaum,10.5465/19416520903053598,https://journals.aom.org/doi/10.5465/19416520903053598
2009,3,1,3 Merger and Acquisition Transactions and Executive Compensation: A Review of the Empirical Evidence,Virginia Bodolica; Martin Spraggon,10.5465/19416520903047210,https://journals.aom.org/doi/10.5465/19416520903047210
2009,3,1,"4 Towards a “Fairer” Conception of Process Fairness: Why, When and How More may not Always be Better than Less",Joel Brockner; Batia M. Wiesenfeld; Kristina A. Diekmann,10.5465/19416520903047228,https://journals.aom.org/doi/10.5465/19416520903047228
2009,3,1,5 Bringing National Culture to the Table: Making a Difference with Cross‐cultural Differences and Perspectives,Ya‐Ru Chen; Kwok Leung; Chao C. Chen,10.5465/19416520903047244,https://journals.aom.org/doi/10.5465/19416520903047244
2009,3,1,"6 Pay and Performance: Individuals, Groups, and Executives",Barry Gerhart; Sara L. Rynes; Ingrid Smithey Fulmer,10.5465/19416520903047269,https://journals.aom.org/doi/10.5465/19416520903047269
2009,3,1,7 Redesigning Work Design Theories: The Rise of Relational and Proactive Perspectives,Adam M. Grant; Sharon K. Parker,10.5465/19416520903047327,https://journals.aom.org/doi/10.5465/19416520903047327
2009,3,1,8 Organizations and Management in China,Lisa A. Keister; Yanlong Zhang,10.5465/19416520903047368,https://journals.aom.org/doi/10.5465/19416520903047368
2009,3,1,"9 Validity, Validation and Values",Kevin R. Murphy,10.5465/19416520903047525,https://journals.aom.org/doi/10.5465/19416520903047525
2009,3,1,10 Coordination in Organizations: An Integrative Perspective,Gerardo A. Okhuysen; Beth A. Bechky,10.5465/19416520903047533,https://journals.aom.org/doi/10.5465/19416520903047533
2009,3,1,11 The Effects of Governments on Management and Organization,Jone L. Pearce; Rebekah Dibble; Kenji Klein,10.5465/19416520903047541,https://journals.aom.org/doi/10.5465/19416520903047541
2009,3,1,12 Structural Equation Modeling in Management Research: A Guide for Improved Analysis,Larry J. Williams; Robert J. Vandenberg; Jeffrey R. Edwards,10.5465/19416520903065683,https://journals.aom.org/doi/10.5465/19416520903065683
2010,4,1,"What’s Under Construction Here? Social Action, Materiality, and Power in Constructivist Studies of Technology and Organizing",Paul M. Leonardi; Stephen R. Barley,10.5465/19416521003654160,https://journals.aom.org/doi/10.5465/19416521003654160
2010,4,1,"Organizations Gone Wild: The Causes, Processes, and Consequences of Organizational Misconduct",Henrich R. Greve; Donald Palmer; Jo‐Ellen Pozner,10.5465/19416521003654186,https://journals.aom.org/doi/10.5465/19416521003654186
2010,4,1,Exploration and Exploitation Within and Across Organizations,Dovev Lavie; Uriel Stettner; Michael L. Tushman,10.5465/19416521003691287,https://journals.aom.org/doi/10.5465/19416521003691287
2010,4,1,The Social Lives of Products: Analyzing Product Demography for Management Theory and Practice,Glenn R. Carroll; Olga M. Khessina; David G. McKendrick,10.5465/19416521003732362,https://journals.aom.org/doi/10.5465/19416521003732362
2010,4,1,Organizational Injustice as an Occupational Health Risk,Jerald Greenberg,10.5465/19416520.2010.481174,https://journals.aom.org/doi/10.5465/19416520.2010.481174
2010,4,1,Repairing and Enhancing Trust: Approaches to Reducing Organizational Trust Deficits,Roderick M. Kramer; Roy J. Lewicki,10.5465/19416520.2010.487403,https://journals.aom.org/doi/10.5465/19416520.2010.487403
2010,4,1,Learner Engagement: A New Perspective for Enhancing Our Understanding of Learner Motivation and Workplace Learning,Raymond A. Noe; Michael J. Tews; Alison McConnell Dachner,10.5465/19416520.2010.493286,https://journals.aom.org/doi/10.5465/19416520.2010.493286
2010,4,1,Organizational Social Network Research: Core Ideas and Key Debates,Martin Kilduff; Daniel J. Brass,10.5465/19416520.2010.494827,https://journals.aom.org/doi/10.5465/19416520.2010.494827
2010,4,1,Uncovering Mechanisms of Theory Development in an Academic Field: Lessons from Leadership Research,Mary Ann Glynn; Ryan Raffaelli,10.5465/19416520.2010.495530,https://journals.aom.org/doi/10.5465/19416520.2010.495530
2010,4,1,Stakeholder Theory: The State of the Art,Bidhan L. Parmar; R. Edward Freeman; Jeffrey S. Harrison; Andrew C. Wicks; Lauren Purnell; Simone de Colle,10.5465/19416520.2010.495581,https://journals.aom.org/doi/10.5465/19416520.2010.495581
2010,4,1,Norms in Mixed Sex and Mixed Race Work Groups,Jennifer A. Chatman,10.5465/19416520.2010.494826,https://journals.aom.org/doi/10.5465/19416520.2010.494826
2010,4,1,Comparative and International Corporate Governance,Ruth V. Aguilera; Gregory Jackson,10.5465/19416520.2010.495525,https://journals.aom.org/doi/10.5465/19416520.2010.495525
2010,4,1,Entrepreneurship and Epistemology: The Philosophical Underpinnings of the Study of Entrepreneurial Opportunities,Sharon A. Alvarez; Jay B. Barney,10.5465/19416520.2010.495521,https://journals.aom.org/doi/10.5465/19416520.2010.495521
2011,5,1,Editorial Advisory Board,,10.5465/19416520.2011.529649,https://journals.aom.org/doi/10.5465/19416520.2011.529649
2011,5,1,"Considering Planned Change Anew: Stretching Large Group Interventions Strategically, Emotionally, and Meaningfully",Jean M. Bartunek; Julia Balogun; Boram Do,10.5465/19416520.2011.567109,https://journals.aom.org/doi/10.5465/19416520.2011.567109
2011,5,1,Action Research: Exploring Perspectives on a Philosophy of Practical Knowing,David Coghlan,10.5465/19416520.2011.571520,https://journals.aom.org/doi/10.5465/19416520.2011.571520
2011,5,1,Theories of the Firm–Market Boundary,Todd R. Zenger; Teppo Felin; Lyda Bigelow,10.5465/19416520.2011.590301,https://journals.aom.org/doi/10.5465/19416520.2011.590301
2011,5,1,Putting the Global in Global Work: An Intercultural Lens on the Practice of Cross-National Collaboration,Pamela Hinds; Lei Liu; Joachim Lyon,10.5465/19416520.2011.586108,https://journals.aom.org/doi/10.5465/19416520.2011.586108
2011,5,1,"Transactive Memory Systems 1985–2010: An Integrative Framework of Key Dimensions, Antecedents, and Consequences",Yuqing Ren; Linda Argote,10.5465/19416520.2011.590300,https://journals.aom.org/doi/10.5465/19416520.2011.590300
2011,5,1,Toward a Theory of the Informal Economy,Paul C. Godfrey,10.5465/19416520.2011.585818,https://journals.aom.org/doi/10.5465/19416520.2011.585818
2011,5,1,On Greed,Long Wang; J. Keith Murnighan,10.5465/19416520.2011.588822,https://journals.aom.org/doi/10.5465/19416520.2011.588822
2011,5,1,Institutional Complexity and Organizational Responses,Royston Greenwood; Mia Raynard; Farah Kodeih; Evelyn R. Micelotta; Michael Lounsbury,10.5465/19416520.2011.590299,https://journals.aom.org/doi/10.5465/19416520.2011.590299
2011,5,1,Employee Voice Behavior: Integration and Directions for Future Research,Elizabeth W. Morrison,10.5465/19416520.2011.574506,https://journals.aom.org/doi/10.5465/19416520.2011.574506
2011,5,1,Routines Revisited: Exploring the Capabilities and Practice Perspectives,Anne Parmigiani; Jennifer Howard-Grenville,10.5465/19416520.2011.589143,https://journals.aom.org/doi/10.5465/19416520.2011.589143
2011,5,1,Crisis Management: Informing a New Leadership Research Agenda,Erika Hayes James; Lynn Perry Wooten; Kelly Dushek,10.5465/19416520.2011.589594,https://journals.aom.org/doi/10.5465/19416520.2011.589594
2011,5,1,Naïveté and Cynicism in Negotiations and Other Competitive Contexts,Chia-Jung Tsay; Lisa L. Shu; Max H. Bazerman,10.5465/19416520.2011.587283,https://journals.aom.org/doi/10.5465/19416520.2011.587283
2011,5,1,An Ecological Systems Perspective on Mentoring at Work: A Review and Future Prospects,Dawn E. Chandler; Kathy E. Kram; Jeffrey Yip,10.5465/19416520.2011.576087,https://journals.aom.org/doi/10.5465/19416520.2011.576087
2011,5,1,Dynamics in Groups: Are We There Yet?,Matthew A. Cronin; Laurie R. Weingart; Gergana Todorova,10.5465/19416520.2011.590297,https://journals.aom.org/doi/10.5465/19416520.2011.590297
2011,5,1,Field Research Practice in Management and Organization Studies: Reclaiming its Tradition of Discovery,Karen Locke,10.5465/19416520.2011.593319,https://journals.aom.org/doi/10.5465/19416520.2011.593319
2011,5,1,The Bind that Ties: Socioemotional Wealth Preservation in Family Firms,Luis R. Gomez-Mejia; Cristina Cruz; Pascual Berrone; Julio De Castro,10.5465/19416520.2011.593320,https://journals.aom.org/doi/10.5465/19416520.2011.593320
2012,6,1,The Behavioral Theory of the Firm: Assessment and Prospects,Giovanni Gavetti; Henrich R. Greve; Daniel A. Levinthal; William Ocasio,10.5465/19416520.2012.656841,https://journals.aom.org/doi/10.5465/19416520.2012.656841
2012,6,1,"Vocabularies and Vocabulary Structure: A New Approach Linking Categories, Practices, and Institutions",Jeffrey Loewenstein; William Ocasio; Candace Jones,10.5465/19416520.2012.660763,https://journals.aom.org/doi/10.5465/19416520.2012.660763
2012,6,1,Religion and Organization: A Critical Review of Current Trends and Future Directions,Paul Tracey,10.5465/19416520.2012.660761,https://journals.aom.org/doi/10.5465/19416520.2012.660761
2012,6,1,"Competitive Dynamics: Themes, Trends, and a Prospective Research Platform",Ming-Jer Chen; Danny Miller,10.5465/19416520.2012.660762,https://journals.aom.org/doi/10.5465/19416520.2012.660762
2012,6,1,Leadership in the Plural,Jean-Louis Denis; Ann Langley; Viviane Sergi,10.5465/19416520.2012.667612,https://journals.aom.org/doi/10.5465/19416520.2012.667612
2012,6,1,Strategy-as-Practice: Taking Social Practices Seriously,Eero Vaara; Richard Whittington,10.5465/19416520.2012.672039,https://journals.aom.org/doi/10.5465/19416520.2012.672039
2012,6,1,Building a Sustainable Model of Human Energy in Organizations: Exploring the Critical Role of Resources,Ryan W. Quinn; Gretchen M. Spreitzer; Chak Fu Lam,10.5465/19416520.2012.676762,https://journals.aom.org/doi/10.5465/19416520.2012.676762
2012,6,1,The Sporting Life: Exploring Organizations through the Lens of Sport,David V. Day; Sandy Gordon; Corinna Fink,10.5465/19416520.2012.678697,https://journals.aom.org/doi/10.5465/19416520.2012.678697
2012,6,1,"Organizational Discourse: Domains, Debates, and Directions",Nelson Phillips; Cliff Oswick,10.5465/19416520.2012.681558,https://journals.aom.org/doi/10.5465/19416520.2012.681558
2012,6,1,From Smoke and Mirrors to Walking the Talk: Decoupling in the Contemporary World,Patricia Bromley; Walter W. Powell,10.5465/19416520.2012.684462,https://journals.aom.org/doi/10.5465/19416520.2012.684462
2012,6,1,The Two Facets of Collaboration: Cooperation and Coordination in Strategic Alliances,Ranjay Gulati; Franz Wohlgezogen; Pavel Zhelyazkov,10.5465/19416520.2012.691646,https://journals.aom.org/doi/10.5465/19416520.2012.691646
2013,7,1,Erratum,,10.5465/19416520.2013.798963,https://journals.aom.org/doi/10.5465/19416520.2013.798963
2013,7,1,A Critical Assessment of Charismatic—Transformational Leadership Research: Back to the Drawing Board?,Daan van Knippenberg; Sim B. Sitkin,10.5465/19416520.2013.759433,https://journals.aom.org/doi/10.5465/19416520.2013.759433
2013,7,1,The Employment Relationship and Inequality: How and Why Changes in Employment Practices are Reshaping Rewards in Organizations,Matthew Bidwell; Forrest Briscoe; Isabel Fernandez-Mateo; Adina Sterling,10.5465/19416520.2013.761403,https://journals.aom.org/doi/10.5465/19416520.2013.761403
2013,7,1,Organizational Identity Formation and Change,Dennis A. Gioia; Shubha D. Patvardhan; Aimee L. Hamilton; Kevin G. Corley,10.5465/19416520.2013.762225,https://journals.aom.org/doi/10.5465/19416520.2013.762225
2013,7,1,Imprinting: Toward a Multilevel Theory,Christopher Marquis; András Tilcsik,10.5465/19416520.2013.766076,https://journals.aom.org/doi/10.5465/19416520.2013.766076
2013,7,1,Team Receptivity to Newcomers: Five Decades of Evidence and Future Research Themes,Floor Rink; Aimée A. Kane; Naomi Ellemers; Gerben van der Vegt,10.5465/19416520.2013.766405,https://journals.aom.org/doi/10.5465/19416520.2013.766405
2013,7,1,Cognition and Capabilities: A Multi-Level Perspective,J. P. Eggers; Sarah Kaplan,10.5465/19416520.2013.769318,https://journals.aom.org/doi/10.5465/19416520.2013.769318
2013,7,1,Labor Market Intermediaries and the New Paradigm for Human Resources,Rocio Bonet; Peter Cappelli; Monika Hamori,10.5465/19416520.2013.774213,https://journals.aom.org/doi/10.5465/19416520.2013.774213
2013,7,1,Returning to the Frontier of Contingency Theory of Organizational and Institutional Designs,Andrew H. Van de Ven; Martin Ganco; C. R. (BOB) Hinings,10.5465/19416520.2013.774981,https://journals.aom.org/doi/10.5465/19416520.2013.774981
2013,7,1,More than a Metaphor: Assessing the Historical Legacy of Resource Dependence and its Contemporary Promise as a Theory of Environmental Complexity,Tyler Wry; J. Adam Cobb; Howard E. Aldrich,10.5465/19416520.2013.781862,https://journals.aom.org/doi/10.5465/19416520.2013.781862
2013,7,1,"The Visual Dimension in Organizing, Organization, and Organization Research: Core Ideas, Current Developments, and Promising Avenues",Renate E. Meyer; Markus A. Höllerer; Dennis Jancsary; Theo van Leeuwen,10.5465/19416520.2013.781867,https://journals.aom.org/doi/10.5465/19416520.2013.781867
2013,7,1,"Accounting, Organizing, and Economizing: Connecting Accounting Research and Organization Theory",Peter Miller; Michael Power,10.5465/19416520.2013.783668,https://journals.aom.org/doi/10.5465/19416520.2013.783668
2013,7,1,A Behavioral Theory of Corporate Governance: Explicating the Mechanisms of Socially Situated and Socially Constituted Agency,James D. Westphal; Edward J. Zajac,10.5465/19416520.2013.783669,https://journals.aom.org/doi/10.5465/19416520.2013.783669
2013,7,1,Research on Women Entrepreneurs: Challenges to (and from) the Broader Entrepreneurship Literature?,Jennifer E. Jennings; Candida G. Brush,10.5465/19416520.2013.782190,https://journals.aom.org/doi/10.5465/19416520.2013.782190
2013,7,1,Research on Markets for Inventions and Implications for R&D Allocation Strategies,Raffaele Conti; Alfonso Gambardella; Elena Novelli,10.5465/19416520.2013.787709,https://journals.aom.org/doi/10.5465/19416520.2013.787709
2013,7,1,Perspectives on Innovation Processes,Raghu Garud; Philipp Tuertscher; Andrew H. Van de Ven,10.5465/19416520.2013.791066,https://journals.aom.org/doi/10.5465/19416520.2013.791066
2014,8,1,An Aspirational Framework for Strategic Human Resource Management,Susan E. Jackson; Randall S. Schuler; Kaifeng Jiang,10.5465/19416520.2014.872335,https://journals.aom.org/doi/10.5465/19416520.2014.872335
2014,8,1,Sensemaking in Organizations: Taking Stock and Moving Forward,Sally Maitlis; Marlys Christianson,10.5465/19416520.2014.873177,https://journals.aom.org/doi/10.5465/19416520.2014.873177
2014,8,1,"Performance Appraisal, Performance Management, and Firm-Level Performance: A Review, a Proposed Model, and New Directions for Future Research",Angelo DeNisi; Caitlin E. Smith,10.5465/19416520.2014.873178,https://journals.aom.org/doi/10.5465/19416520.2014.873178
2014,8,1,Putting Framing in Perspective: A Review of Framing and Frame Analysis across the Management and Organizational Literature,Joep P. Cornelissen; Mirjam D. Werner,10.5465/19416520.2014.875669,https://journals.aom.org/doi/10.5465/19416520.2014.875669
2014,8,1,Power in Management and Organization Science,Peter Fleming; André Spicer,10.5465/19416520.2014.875671,https://journals.aom.org/doi/10.5465/19416520.2014.875671
2014,8,1,More Formally: Rediscovering the Missing Link between Formal Organization and Informal Social Structure,Bill McEvily; Giuseppe Soda; Marco Tortoriello,10.5465/19416520.2014.885252,https://journals.aom.org/doi/10.5465/19416520.2014.885252
2014,8,1,Retaining the Productive Employee: The Role of Personality,Ning Li; Murray R. Barrick; Ryan D. Zimmerman; Dan S. Chiaburu,10.5465/19416520.2014.890368,https://journals.aom.org/doi/10.5465/19416520.2014.890368
2014,8,1,Advancing Research on Hybrid Organizing – Insights from the Study of Social Enterprises,Julie Battilana; Matthew Lee,10.5465/19416520.2014.893615,https://journals.aom.org/doi/10.5465/19416520.2014.893615
2014,8,1,Team Microdynamics: Toward an Organizing Approach to Teamwork,Stephen E. Humphrey; Federico Aime,10.5465/19416520.2014.904140,https://journals.aom.org/doi/10.5465/19416520.2014.904140
2014,8,1,Giving Versus Giving In,Daylian M. Cain; Jason Dana; George E. Newman,10.5465/19416520.2014.911576,https://journals.aom.org/doi/10.5465/19416520.2014.911576
2014,8,1,History in Organization and Management Theory: More Than Meets the Eye,Matthias Kipping; Behlül Üsdiken,10.5465/19416520.2014.911579,https://journals.aom.org/doi/10.5465/19416520.2014.911579
2014,8,1,"Past, Present and Future Research on Multiple Identities: Toward an Intrapersonal Network Approach",Lakshmi Ramarajan,10.5465/19416520.2014.912379,https://journals.aom.org/doi/10.5465/19416520.2014.912379
2015,9,1,The Many Faces of Culture: Making Sense of 30 Years of Research on Culture in Organization Studies,Simona Giorgi; Christi Lockwood; Mary Ann Glynn,10.5465/19416520.2015.1007645,https://journals.aom.org/doi/10.5465/19416520.2015.1007645
2015,9,1,Living to Work and Working to Live: Income as a Driver of Organizational Behavior,Carrie R. Leana; Jirs Meuris,10.5465/19416520.2015.1007654,https://journals.aom.org/doi/10.5465/19416520.2015.1007654
2015,9,1,The Use of Anthropomorphizing as a Tool for Generating Organizational Theories,Dean A. Shepherd; Kathleen M. Sutcliffe,10.5465/19416520.2015.1011510,https://journals.aom.org/doi/10.5465/19416520.2015.1011510
2015,9,1,The Practical Relevance of Management Research: Turning the Debate on Relevance into a Rigorous Scientific Research Program,Alfred Kieser; Alexander Nicolai; David Seidl,10.5465/19416520.2015.1011853,https://journals.aom.org/doi/10.5465/19416520.2015.1011853
2015,9,1,"Approach, Ability, Aftermath: A Psychological Process Framework of Unethical Behavior at Work",Celia Moore; Francesca Gino,10.5465/19416520.2015.1011522,https://journals.aom.org/doi/10.5465/19416520.2015.1011522
2015,9,1,Institutional Strategies in Emerging Markets,Chris Marquis; Mia Raynard,10.5465/19416520.2015.1014661,https://journals.aom.org/doi/10.5465/19416520.2015.1014661
2015,9,1,Modelling Bounded Rationality in Organizations: Progress and Prospects,Phanish Puranam; Nils Stieglitz; Magda Osman; Madan M. Pillutla,10.5465/19416520.2015.1024498,https://journals.aom.org/doi/10.5465/19416520.2015.1024498
2015,9,1,Creative Leadership: A Multi-Context Conceptualization,Charalampos Mainemelis; Ronit Kark; Olga Epitropaki,10.5465/19416520.2015.1024502,https://journals.aom.org/doi/10.5465/19416520.2015.1024502
2015,9,1,Connecting the Dots: Bringing External Corporate Governance into the Corporate Governance Puzzle,Ruth V. Aguilera; Kurt Desender; Michael K. Bednar; Jun Ho Lee,10.5465/19416520.2015.1024503,https://journals.aom.org/doi/10.5465/19416520.2015.1024503
2015,9,1,The Microfoundations Movement in Strategy and Organization Theory,Teppo Felin; Nicolai J. Foss; Robert E. Ployhart,10.5465/19416520.2015.1007651,https://journals.aom.org/doi/10.5465/19416520.2015.1007651
2015,9,1,The Corporate Headquarters in the Contemporary Corporation: Advancing a Multimarket Firm Perspective,Markus Menz; Sven Kunisch; David J. Collis,10.5465/19416520.2015.1027050,https://journals.aom.org/doi/10.5465/19416520.2015.1027050
2015,9,1,"All Things Great and Small: Organizational Size, Boundaries of the Firm, and a Changing Environment",Matthew Josefy; Scott Kuban; R. Duane Ireland; Michael A. Hitt,10.5465/19416520.2015.1027086,https://journals.aom.org/doi/10.5465/19416520.2015.1027086
2015,9,1,"The Professional, the Personal, and the Ideal Worker: Pressures and Objectives Shaping the Boundary between Life Domains",Tracy L. Dumas; Jeffrey Sanchez-Burks,10.5465/19416520.2015.1028810,https://journals.aom.org/doi/10.5465/19416520.2015.1028810
2015,9,1,"Group Emotions: Cutting the Gordian Knots Concerning Terms, Levels of Analysis, and Processes",Jochen I. Menges; Martin Kilduff,10.5465/19416520.2015.1033148,https://journals.aom.org/doi/10.5465/19416520.2015.1033148
2016,10,1,Resilience: A Review Using a Grounded Integrated Occupational Approach,ELLEN ERNST KOSSEK; MATTHEW B. PERRIGINO,10.5465/19416520.2016.1159878,https://journals.aom.org/doi/10.5465/19416520.2016.1159878
2016,10,1,Paradox and Contradiction in Organizations: Introducing Two Articles on Paradox and Contradiction in Organizations,Forrest Briscoe,10.5465/19416520.2016.1161977,https://journals.aom.org/doi/10.5465/19416520.2016.1161977
2016,10,1,Paradox Research in Management Science: Looking Back to Move Forward,Jonathan Schad; Marianne W. Lewis; Sebastian Raisch; Wendy K. Smith,10.5465/19416520.2016.1162422,https://journals.aom.org/doi/10.5465/19416520.2016.1162422
2016,10,1,"Contradictions, Dialectics, and Paradoxes in Organizations: A Constitutive Approach",Linda L. Putnam; Gail T. Fairhurst; Scott Banghart,10.5465/19416520.2016.1162421,https://journals.aom.org/doi/10.5465/19416520.2016.1162421
2016,10,1,Diverging and Converging: Integrative Insights on a Paradox Meta-perspective,Gail T. Fairhurst; Wendy K. Smith; Scott G. Banghart; Marianne W. Lewis; Linda L. Putnam; Sebastian Raisch; Jonathan Schad,10.5465/19416520.2016.1162423,https://journals.aom.org/doi/10.5465/19416520.2016.1162423
2016,10,1,"Three Lenses on Occupations and Professions in Organizations: Becoming, Doing, and Relating",Michel Anteby; Curtis K. Chan; Julia DiBenigno,10.5465/19416520.2016.1120962,https://journals.aom.org/doi/10.5465/19416520.2016.1120962
2016,10,1,A Systems Perspective on Forgiveness in Organizations,Robert J. Bies; Laurie J. Barclay; Thomas M. Tripp; Karl Aquino,10.5465/19416520.2016.1120956,https://journals.aom.org/doi/10.5465/19416520.2016.1120956
2016,10,1,Are Boards Designed to Fail? The Implausibility of Effective Board Monitoring,Steven Boivie; Michael K. Bednar; Ruth V. Aguilera; Joel L. Andrus,10.5465/19416520.2016.1120957,https://journals.aom.org/doi/10.5465/19416520.2016.1120957
2016,10,1,"Good Night, and Good Luck: Perspectives on Luck in Management Scholarship",Chengwei Liu; Mark de Rond,10.5465/19416520.2016.1120971,https://journals.aom.org/doi/10.5465/19416520.2016.1120971
2016,10,1,A Dynamic Perspective on Diverse Teams: Moving from the Dual-Process Model to a Dynamic Coordination-based Model of Diverse Team Performance,KANNAN SRIKANTH; SARAH HARVEY; RANDALL PETERSON,10.5465/19416520.2016.1120973,https://journals.aom.org/doi/10.5465/19416520.2016.1120973
2016,10,1,Narratives as Sources of Stability and Change in Organizations: Approaches and Directions for Future Research,Eero Vaara; Scott Sonenshein; David Boje,10.5465/19416520.2016.1120963,https://journals.aom.org/doi/10.5465/19416520.2016.1120963
2016,10,1,Conceptualizing Emergent States: A Strategy to Advance the Study of Group Dynamics,Mary J. Waller; Gerardo A. Okhuysen; Marzieh Saghafian,10.5465/19416520.2016.1120958,https://journals.aom.org/doi/10.5465/19416520.2016.1120958
2016,10,1,"The Bright Side of Being Prosocial at Work, and the Dark Side, Too: A Review and Agenda for Research on Other-Oriented Motives, Behavior, and Impact in Organizations",Mark C. Bolino; Adam M. Grant,10.5465/19416520.2016.1153260,https://journals.aom.org/doi/10.5465/19416520.2016.1153260
2016,10,1,Social Activism in and Around Organizations,Forrest Briscoe; Abhinav Gupta,10.5465/19416520.2016.1153261,https://journals.aom.org/doi/10.5465/19416520.2016.1153261
2016,10,1,Leadership and Affect: Moving the Hearts and Minds of Followers,Daan van Knippenberg; Gerben A. van Kleef,10.5465/19416520.2016.1160515,https://journals.aom.org/doi/10.5465/19416520.2016.1160515
2016,10,1,Career Mobility in a Global Era: Advances in Managing Expatriation and Repatriation,Yehuda Baruch; Yochanan Altman; Rosalie L. Tung,10.5465/19416520.2016.1162013,https://journals.aom.org/doi/10.5465/19416520.2016.1162013
2016,10,1,Contextualization and Context Theorizing in Teams Research: A Look Back and a Path Forward,Mary M. Maloney; Henrik Bresman; Mary E. Zellmer-Bruhn; Gregory R. Beaver,10.5465/19416520.2016.1161964,https://journals.aom.org/doi/10.5465/19416520.2016.1161964
2016,10,1,Construct Mixology: Forming New Management Constructs by Combining Old Ones,Daniel A. Newman; David A. Harrison; Nichelle C. Carpenter; Shannon M. Rariden,10.5465/19416520.2016.1161965,https://journals.aom.org/doi/10.5465/19416520.2016.1161965
2016,10,1,The Architecture of Dynamic Capability Research Identifying the Building Blocks of a Configurational Approach,Ralf Wilden; Timothy M. Devinney; Grahame R. Dowling,10.5465/19416520.2016.1161966,https://journals.aom.org/doi/10.5465/19416520.2016.1161966
2016,10,1,Erratum,,10.5465/19416520.2016.1157308,https://journals.aom.org/doi/10.5465/19416520.2016.1157308
2017,11,1,The Process of Postmerger Integration: A Review and Agenda for Future Research,Melissa E. Graebner; Koen H. Heimeriks; Quy Nguyen Huy; Eero Vaara,10.5465/annals.2014.0078,https://journals.aom.org/doi/10.5465/annals.2014.0078
2017,11,1,Understanding the Dual Nature of Ambivalence: Why and When Ambivalence Leads to Good and Bad Outcomes,Naomi B. Rothman; Michael G. Pratt; Laura Rees; Timothy J. Vogus,10.5465/annals.2014.0066,https://journals.aom.org/doi/10.5465/annals.2014.0066
2017,11,1,A Critical Assessment of Business Model Research,Lorenzo Massa; Christopher L. Tucci; Allan Afuah,10.5465/annals.2014.0072,https://journals.aom.org/doi/10.5465/annals.2014.0072
2017,11,1,Similar But Not the Same: Differentiating Corporate Sustainability from Corporate Responsibility,Pratima Bansal; Hee-Chan Song,10.5465/annals.2015.0095,https://journals.aom.org/doi/10.5465/annals.2015.0095
2017,11,1,Social Media and Their Affordances for Organizing: A Review and Agenda for Research,Paul M. Leonardi; Emmanuelle Vaast,10.5465/annals.2015.0144,https://journals.aom.org/doi/10.5465/annals.2015.0144
2017,11,1,Transforming Research on Diversity and Firm Performance: A Dynamic Capabilities Perspective,Quinetta Roberson; Oscar Holmes IV; Jamie L. Perry,10.5465/annals.2014.0019,https://journals.aom.org/doi/10.5465/annals.2014.0019
2017,11,1,Making Transparency Transparent: The Evolution of Observation in Management Theory,Ethan S. Bernstein,10.5465/annals.2014.0076,https://journals.aom.org/doi/10.5465/annals.2014.0076
2017,11,1,Work Design Influences: A Synthesis of Multilevel Factors that Affect the Design of Jobs,Sharon K. Parker; Anja Van den Broeck; David Holman,10.5465/annals.2014.0054,https://journals.aom.org/doi/10.5465/annals.2014.0054
2017,11,1,Introducing the Family: A Review of Family Science with Implications for Management Research,Peter Jaskiewicz; James G. Combs; Kristen K. Shanine; K. Michele Kacmar,10.5465/annals.2014.0053,https://journals.aom.org/doi/10.5465/annals.2014.0053
2017,11,1,Redirecting Research Efforts on the Diversification–Performance Linkage: The Search for Synergy,Gautam Ahuja; Elena Novelli,10.5465/annals.2014.0079,https://journals.aom.org/doi/10.5465/annals.2014.0079
2017,11,1,Field or Fields? Building the Scaffolding for Cumulation of Research on Institutional Fields,Charlene Zietsma; Peter Groenewegen; Danielle M. Logue; C. R. (Bob) Hinings,10.5465/annals.2014.0052,https://journals.aom.org/doi/10.5465/annals.2014.0052
2017,11,1,Legitimacy,Roy Suddaby; Alex Bitektine; Patrick Haack,10.5465/annals.2015.0101,https://journals.aom.org/doi/10.5465/annals.2015.0101
2017,11,1,Social Exchange Theory: A Critical Review with Theoretical Remedies,Russell Cropanzano; Erica L. Anthony; Shanna R. Daniels; Alison V. Hall,10.5465/annals.2015.0099,https://journals.aom.org/doi/10.5465/annals.2015.0099
2017,11,1,Microdynamics in Diverse Teams: A Review and Integration of the Diversity and Stereotyping Literatures,Hans van Dijk; Bertolt Meyer; Marloes van Engen; Denise Lewin Loyd,10.5465/annals.2014.0046,https://journals.aom.org/doi/10.5465/annals.2014.0046
2017,11,2,An Aspirational View of Organizational Control Research: Re-invigorating Empirical Work to Better Meet the Challenges of 21st Century Organizations,Laura B. Cardinal; Markus Kreutzer; C. Chet Miller,10.5465/annals.2014.0086,https://journals.aom.org/doi/10.5465/annals.2014.0086
2017,11,2,"Workplace Courage: Review, Synthesis, and Future Agenda for a Complex Construct",James R. Detert; Evan A. Bruno,10.5465/annals.2015.0155,https://journals.aom.org/doi/10.5465/annals.2015.0155
2017,11,2,Scaling: Organizing and Growth in Entrepreneurial Ventures,Alicia DeSantola; Ranjay Gulati,10.5465/annals.2015.0125,https://journals.aom.org/doi/10.5465/annals.2015.0125
2017,11,2,Inducements and Motives at the Top: A Holistic Perspective on the Drivers of Executive Behavior,Adam J. Wowak; Luis R. Gomez-Mejia; Adam L. Steinbach,10.5465/annals.2015.0121,https://journals.aom.org/doi/10.5465/annals.2015.0121
2017,11,2,Self-Control at Work,Huiwen Lian; Kai Chi Yam; D. Lance Ferris; Douglas Brown,10.5465/annals.2015.0126,https://journals.aom.org/doi/10.5465/annals.2015.0126
2017,11,2,Organizational Response to Adversity: Fusing Crisis Management and Resilience Research Streams,Trenton A. Williams; Daniel A. Gruber; Kathleen M. Sutcliffe; Dean A. Shepherd; Eric Yanfei Zhao,10.5465/annals.2015.0134,https://journals.aom.org/doi/10.5465/annals.2015.0134
2017,11,2,Living and Dying: Synthesizing the Literature on Firm Survival and Failure across Stages of Development,Matthew A. Josefy; Joseph S. Harrison; David G. Sirmon; Christina Carnes,10.5465/annals.2015.0148,https://journals.aom.org/doi/10.5465/annals.2015.0148
2017,11,2,Are Status and Respect Different or Two Sides of the Same Coin?,Steven L. Blader; Siyu Yu,10.5465/annals.2015.0150,https://journals.aom.org/doi/10.5465/annals.2015.0150
2017,11,2,A Look Back and a Leap Forward: A Review and Synthesis of the Individual Work Performance Literature,Joseph A. Carpini; Sharon K. Parker; Mark A. Griffin,10.5465/annals.2015.0151,https://journals.aom.org/doi/10.5465/annals.2015.0151
2017,11,2,Organizations as Polities: An Open Systems Perspective,Klaus Weber; Daniel Waeger,10.5465/annals.2015.0152,https://journals.aom.org/doi/10.5465/annals.2015.0152
2017,11,2,A Critical Analysis of the Conceptualization and Measurement of Organizational Justice: Is It Time for Reassessment?,Deborah E. Rupp; Debra L. Shapiro; Robert Folger; Daniel P. Skarlicki; Ruodan Shao,10.5465/annals.2014.0051,https://journals.aom.org/doi/10.5465/annals.2014.0051
2017,11,2,Cooperation across Disciplines: A Multilevel Perspective on Cooperative Behavior in Governing Interfirm Relations,Carlo Salvato; Jeffrey J. Reuer; Pierpaolo Battigalli,10.5465/annals.2014.0001,https://journals.aom.org/doi/10.5465/annals.2014.0001
2017,11,2,Time in Strategic Change Research,Sven Kunisch; Jean M. Bartunek; Johanna Mueller; Quy N. Huy,10.5465/annals.2015.0133,https://journals.aom.org/doi/10.5465/annals.2015.0133
2018,12,2,Personality Change: Implications for Organizational Behavior,Stefano Tasselli; Martin Kilduff; Blaine Landis,10.5465/annals.2016.0008,https://journals.aom.org/doi/10.5465/annals.2016.0008
2018,12,2,The Dilemma Portfolio: A Strategy to Advance the Study of Social Dilemmas in Organizations,Kevin W. Rockmann; Gregory B. Northcraft,10.5465/annals.2016.0133,https://journals.aom.org/doi/10.5465/annals.2016.0133
2018,12,2,More Than Just a Number? The Conceptualization and Measurement of Firm Age in an Era of Temporary Organizations,Rene M. Bakker; Matthew Josefy,10.5465/annals.2017.0035,https://journals.aom.org/doi/10.5465/annals.2017.0035
2018,12,2,Social Resource Management: Integrating Social Network Theory and Human Resource Management,Scott M. Soltis; Daniel J. Brass; David P. Lepak,10.5465/annals.2016.0094,https://journals.aom.org/doi/10.5465/annals.2016.0094
2018,12,2,The Formation of Organizational Reputation,Davide Ravasi; Violina Rindova; Michael Etter; Joep Cornelissen,10.5465/annals.2016.0124,https://journals.aom.org/doi/10.5465/annals.2016.0124
2018,12,2,Work–Family Backlash: The “Dark Side” of Work–Life Balance (WLB) Policies,Matthew B. Perrigino; Benjamin B. Dunford; Kelly Schwind Wilson,10.5465/annals.2016.0077,https://journals.aom.org/doi/10.5465/annals.2016.0077
2018,12,2,"Categorizing Institutional Logics, Institutionalizing Categories: A Review of Two Literatures",Rodolphe Durand; Patricia H. Thornton,10.5465/annals.2016.0089,https://journals.aom.org/doi/10.5465/annals.2016.0089
2018,12,2,"Uncertainty, Knowledge Problems, and Entrepreneurial Action",David M. Townsend; Richard A. Hunt; Jeffery S. McMullen; Saras D. Sarasvathy,10.5465/annals.2016.0109,https://journals.aom.org/doi/10.5465/annals.2016.0109
2018,12,2,"Developing, Sustaining, and Maximizing Team Effectiveness: An Integrative, Dynamic Perspective of Team Development Interventions",Marissa L. Shuffler; Deborah Diazgranados; M. Travis Maynard; Eduardo Salas,10.5465/annals.2016.0045,https://journals.aom.org/doi/10.5465/annals.2016.0045
2018,12,2,Control–Trust Dynamics in Organizations: Identifying Shared Perspectives and Charting Conceptual Fault Lines,Chris P. Long; Sim B. Sitkin,10.5465/annals.2016.0055,https://journals.aom.org/doi/10.5465/annals.2016.0055
2018,12,2,Successful Organizational Change: Integrating the Management Practice and Scholarly Literatures,Jeroen Stouten; Denise M. Rousseau; David De Cremer,10.5465/annals.2016.0095,https://journals.aom.org/doi/10.5465/annals.2016.0095
2018,12,2,CEO Attributes and Firm Performance: A Sequential Mediation Process Model,Dong Liu; Greg Fisher; Guoli Chen,10.5465/annals.2016.0031,https://journals.aom.org/doi/10.5465/annals.2016.0031
2019,13,1,Authenticity,David W. Lehman; Kieran O’Connor; Balázs Kovács; George E. Newman,10.5465/annals.2017.0047,https://journals.aom.org/doi/10.5465/annals.2017.0047
2019,13,1,The Allocation of Capital within Firms,Metin Sengul; Afonso Almeida Costa; Javier Gimeno,10.5465/annals.2017.0009,https://journals.aom.org/doi/10.5465/annals.2017.0009
2019,13,1,Integrating Psychological Contracts and Ecosystems in Career Studies and Management,Yehuda Baruch; Denise M. Rousseau,10.5465/annals.2016.0103,https://journals.aom.org/doi/10.5465/annals.2016.0103
2019,13,1,"Instigating, Engaging in, and Managing Group Conflict: A Review of the Literature Addressing the Critical Role of the Leader in Group Conflict",Emma Y. Zhao; Sherry M. B. Thatcher; Karen A. Jehn,10.5465/annals.2016.0153,https://journals.aom.org/doi/10.5465/annals.2016.0153
2019,13,1,"Taking Stock of Moral Approaches to Leadership: An Integrative Review of Ethical, Authentic, and Servant Leadership",G. James Lemoine; Chad A. Hartnell; Hannes Leroy,10.5465/annals.2016.0121,https://journals.aom.org/doi/10.5465/annals.2016.0121
2019,13,1,How Matching Creates Value: Cogs and Wheels for Human Capital Resources Research,Ingo Weller; Christina B. Hymer; Anthony J. Nyberg; Julia Ebert,10.5465/annals.2016.0117,https://journals.aom.org/doi/10.5465/annals.2016.0117
2019,13,1,Brokerage and Brokering: An Integrative Review and Organizing Framework for Third Party Influence,Nir Halevy; Eliran Halali; Julian J. Zlatev,10.5465/annals.2017.0024,https://journals.aom.org/doi/10.5465/annals.2017.0024
2019,13,1,Turning Lead into Gold: How Do Entrepreneurs Mobilize Resources to Exploit Opportunities?,David R. Clough; Tommy Pan Fang; Balagopal Vissa; Andy Wu,10.5465/annals.2016.0132,https://journals.aom.org/doi/10.5465/annals.2016.0132
2019,13,1,Leaders’ Impact on Organizational Change: Bridging Theoretical and Methodological Chasms,Shaul Oreg; Yair Berson,10.5465/annals.2016.0138,https://journals.aom.org/doi/10.5465/annals.2016.0138
2019,13,1,Virtual Work: Bridging Research Clusters,Sumita Raghuram; N. Sharon Hill; Jennifer L. Gibbs; Likoebe M. Maruping,10.5465/annals.2017.0020,https://journals.aom.org/doi/10.5465/annals.2017.0020
2019,13,1,Tradition in Organizations: A Custodianship Framework,M. Tina Dacin; Peter A. Dacin; Derin Kent,10.5465/annals.2016.0122,https://journals.aom.org/doi/10.5465/annals.2016.0122
2019,13,2,Capitalizing on Categories of Social Construction: A Review and Integration of Organizational Research on Symbolic Management Strategies,Andrew K. Schnackenberg; Jonathan Bundy; Corinne A. Coen; James D. Westphal,10.5465/annals.2017.0096,https://journals.aom.org/doi/10.5465/annals.2017.0096
2019,13,2,"A GATE to Understanding “Older” Workers: Generation, Age, Tenure, Experience",Michael S. North,10.5465/annals.2017.0125,https://journals.aom.org/doi/10.5465/annals.2017.0125
2019,13,2,"Which of These Things Are Not Like the Others? Comparing the Rational, Emotional, and Moral Aspects of Reputation, Status, Celebrity, and Stigma",Timothy G. Pollock; Kisha Lashley; Violina P. Rindova; Jung-Hoon Han,10.5465/annals.2017.0086,https://journals.aom.org/doi/10.5465/annals.2017.0086
2019,13,2,Resetting the Clock on Dynamic Leader Behaviors: A Conceptual Integration and Agenda for Future Research,Shawn T. McClean; Christopher M. Barnes; Stephen H. Courtright; Russell E. Johnson,10.5465/annals.2017.0081,https://journals.aom.org/doi/10.5465/annals.2017.0081
2019,13,2,Keep Your Head in the Clouds and Your Feet on the Ground: A Multifocal Review of Leadership–Followership Self-Regulatory Focus,Ronit Kark; Dina Van Dijk,10.5465/annals.2017.0134,https://journals.aom.org/doi/10.5465/annals.2017.0134
2019,13,2,The Corrective Actions Organizations Pursue Following Misconduct: A Review and Research Agenda,Matt C. Hersel; Catherine A. Helmuth; Michelle L. Zorn; Christine Shropshire; Jason W. Ridge,10.5465/annals.2017.0090,https://journals.aom.org/doi/10.5465/annals.2017.0090
2019,13,2,Topic Modeling in Management Research: Rendering New Theory from Textual Data,Timothy R. Hannigan; Richard F. J. Haans; Keyvan Vakili; Hovig Tchalian; Vern L. Glaser; Milo Shaoqing Wang; Sarah Kaplan; P. Devereaux Jennings,10.5465/annals.2017.0099,https://journals.aom.org/doi/10.5465/annals.2017.0099
2019,13,2,Being Your True Self at Work: Integrating the Fragmented Research on Authenticity in Organizations,Sandra E. Cha; Patricia Faison Hewlin; Laura Morgan Roberts; Brooke R. Buckman; Hannes Leroy; Erica L. Steckler; Kathryn Ostermeier; Danielle Cooper,10.5465/annals.2016.0108,https://journals.aom.org/doi/10.5465/annals.2016.0108
2019,13,2,Toward a Better Understanding of Tacit Knowledge in Organizations: Taking Stock and Moving Forward,Demetris Hadjimichael; Haridimos Tsoukas,10.5465/annals.2017.0084,https://journals.aom.org/doi/10.5465/annals.2017.0084
2019,13,2,"Boundary Work among Groups, Occupations, and Organizations: From Cartography to Process",Ann Langley; Kajsa Lindberg; Bjørn Erik Mørk; Davide Nicolini; Elena Raviola; Lars Walter,10.5465/annals.2017.0089,https://journals.aom.org/doi/10.5465/annals.2017.0089
2019,13,2,Socioeconomic Mobility and Talent Utilization of Workers from Poorer Backgrounds: The Overlooked Importance of Within-Organization Dynamics,Marko Pitesa; Madan M. Pillutla,10.5465/annals.2017.0115,https://journals.aom.org/doi/10.5465/annals.2017.0115
2019,13,2,Conflict Management through the Lens of System Dynamics,Matthew A. Cronin; Katerina Bezrukova,10.5465/annals.2017.0021,https://journals.aom.org/doi/10.5465/annals.2017.0021
2020,14,1,"Gradual Drifts, Abrupt Shocks: From Relationship Fractures to Relational Resilience",Mara Olekalns; Brianna Barker Caza; Timothy J. Vogus,10.5465/annals.2017.0111,https://journals.aom.org/doi/10.5465/annals.2017.0111
2020,14,1,Entrepreneurial Team Formation,Moran Lazar; Ella Miron-Spektor; Rajshree Agarwal; Miriam Erez; Brent Goldfarb; Gilad Chen,10.5465/annals.2017.0131,https://journals.aom.org/doi/10.5465/annals.2017.0131
2020,14,1,Organizations and Societal Economic Inequality: A Review and Way Forward,Hari Bapuji; Gokhan Ertug; Jason D. Shaw,10.5465/annals.2018.0029,https://journals.aom.org/doi/10.5465/annals.2018.0029
2020,14,1,Integrating Research on Interorganizational Networks and Ecosystems,Andrew Shipilov; Annabelle Gawer,10.5465/annals.2018.0121,https://journals.aom.org/doi/10.5465/annals.2018.0121
2020,14,1,Soliciting Resources from Others: An Integrative Review,Jia Hui Lim; Kenneth Tai; Peter A. Bamberger; Elizabeth W. Morrison,10.5465/annals.2018.0034,https://journals.aom.org/doi/10.5465/annals.2018.0034
2020,14,1,What Do We Know About Knowledge Integration: Fusing Micro- and Macro-Organizational Perspectives,Shaker A. Zahra; Donald O. Neubaum; James Hayton,10.5465/annals.2017.0093,https://journals.aom.org/doi/10.5465/annals.2017.0093
2020,14,1,The Organizational Reproduction of Inequality,John M. Amis; Johanna Mair; Kamal A. Munir,10.5465/annals.2017.0033,https://journals.aom.org/doi/10.5465/annals.2017.0033
2020,14,1,"Start-Up Teams: A Multidimensional Conceptualization, Integrative Review of Past Research, and Future Research Agenda",Andrew P. Knight; Lindred L. Greer; Bart De Jong,10.5465/annals.2018.0061,https://journals.aom.org/doi/10.5465/annals.2018.0061
2020,14,1,"Organizational Structure, Information Processing, and Decision-Making: A Retrospective and Road Map for Research",John Joseph; Vibha Gaba,10.5465/annals.2017.0103,https://journals.aom.org/doi/10.5465/annals.2017.0103
2020,14,1,Varieties of Political Capital and Power in Organizations: A Review and Integrative Framework,William Ocasio; Jo-Ellen Pozner; Daniel Milner,10.5465/annals.2018.0062,https://journals.aom.org/doi/10.5465/annals.2018.0062
2020,14,1,The Effects of Mandatory and Voluntary Regulatory Pressures on Firms’ Environmental Strategies: A Review and Recommendations for Future Research,J. Alberto Aragòn-Correa; Alfred A. Marcus; David Vogel,10.5465/annals.2018.0014,https://journals.aom.org/doi/10.5465/annals.2018.0014
2020,14,1,Algorithms at Work: The New Contested Terrain of Control,Katherine C. Kellogg; Melissa A. Valentine; Angèle Christin,10.5465/annals.2018.0174,https://journals.aom.org/doi/10.5465/annals.2018.0174
2020,14,1,The Return of the Oppressed: A Systems Psychodynamic Approach to Organization Studies,Gianpiero Petriglieri; Jennifer Louise Petriglieri,10.5465/annals.2017.0007,https://journals.aom.org/doi/10.5465/annals.2017.0007
2020,14,2,Individuals’ Responses to Economic Cycles: Organizational Relevance and a Multilevel Theoretical Integration,Nina Sirola,10.5465/annals.2018.0124,https://journals.aom.org/doi/10.5465/annals.2018.0124
2020,14,2,The Value of Values for Institutional Analysis,Matthew S. Kraatz; Ricardo Flores; David Chandler,10.5465/annals.2018.0074,https://journals.aom.org/doi/10.5465/annals.2018.0074
2020,14,2,Homophily: Measures and Meaning,Barbara S. Lawrence; Neha Parikh Shah,10.5465/annals.2018.0147,https://journals.aom.org/doi/10.5465/annals.2018.0147
2020,14,2,"Signs of Our Time: Time-Use as Dedication, Performance, Identity, and Power in Contemporary Workplaces",Elana Feldman; Erin M. Reid; Melissa Mazmanian,10.5465/annals.2018.0148,https://journals.aom.org/doi/10.5465/annals.2018.0148
2020,14,2,Human Trust in Artificial Intelligence: Review of Empirical Research,Ella Glikson; Anita Williams Woolley,10.5465/annals.2018.0057,https://journals.aom.org/doi/10.5465/annals.2018.0057
2020,14,2,"Interruptions and Task Transitions: Understanding Their Characteristics, Processes, and Consequences",Sophie Leroy; Aaron M. Schmidt; Nora Madjar,10.5465/annals.2017.0146,https://journals.aom.org/doi/10.5465/annals.2017.0146
2020,14,2,How Does the Use of Information Communication Technology Affect Individuals? A Work Design Perspective,Bin Wang; Yukun Liu; Sharon K. Parker,10.5465/annals.2018.0127,https://journals.aom.org/doi/10.5465/annals.2018.0127
2020,14,2,"Social Support: Multidisciplinary Review, Synthesis, and Future Agenda",Yuen Lam Bavik; Jason D. Shaw; Xiao-Hua (Frank) Wang,10.5465/annals.2016.0148,https://journals.aom.org/doi/10.5465/annals.2016.0148
2020,14,2,Organizational and Management Theorizing Using Experiment-Based Entrepreneurship Research: Covered Terrain and New Frontiers,Regan Stevenson; Matthew Josefy; Jeffrey S. McMullen; Dean Shepherd,10.5465/annals.2018.0152,https://journals.aom.org/doi/10.5465/annals.2018.0152
2020,14,2,Process Studies of Organizational Space,Kathleen A. Stephenson; Ari Kuismin; Linda L. Putnam; Anu Sivunen,10.5465/annals.2018.0146,https://journals.aom.org/doi/10.5465/annals.2018.0146
2020,14,2,"The Role of Interdependence in the Micro-Foundations of Organization Design: Task, Goal, and Knowledge Interdependence",Marlo Raveendran; Luciana Silvestri; Ranjay Gulati,10.5465/annals.2018.0015,https://journals.aom.org/doi/10.5465/annals.2018.0015
2020,14,2,An Integrative Review of the Emerging Behavioral Acquisition Literature: Charting the Next Decade of Research,Cynthia E. Devers; Stefan Wuorinen; Gerry McNamara; Jerayr (John) Haleblian; Inn Hee Gee; Jooyoung Kim,10.5465/annals.2018.0031,https://journals.aom.org/doi/10.5465/annals.2018.0031
2020,14,2,When Interpersonal Competition Helps and When It Harms: An Integration via Challenge and Threat,Christopher To; Gavin J. Kilduff; Blythe L. Rosikiewicz,10.5465/annals.2016.0145,https://journals.aom.org/doi/10.5465/annals.2016.0145
2020,14,2,Corporate Corruption: A Review and an Agenda for Future Research,Armando Castro; Nelson Phillips; Shaz Ansari,10.5465/annals.2018.0156,https://journals.aom.org/doi/10.5465/annals.2018.0156
2020,14,2,Completing the Adaptive Turn: An Integrative View of Strategy Implementation,Ann-Kristin Weiser; Paula Jarzabkowski; Tomi Laamanen,10.5465/annals.2018.0137,https://journals.aom.org/doi/10.5465/annals.2018.0137
2020,14,2,Organizing Risk: Organization and Management Theory for the Risk Society,Cynthia Hardy; Steve Maguire; Michael Power; Haridimos Tsoukas,10.5465/annals.2018.0110,https://journals.aom.org/doi/10.5465/annals.2018.0110
2020,14,2,Entrepreneurial Network Evolution: Explicating the Structural Localism and Agentic Network Change Distinction,Benjamin L. Hallen; Jason P. Davis; Alex Murray,10.5465/annals.2018.0063,https://journals.aom.org/doi/10.5465/annals.2018.0063
2020,14,2,The Attractiveness Advantage At Work: A Cross-Disciplinary Integrative Review,Kelly A. Nault; Marko Pitesa; Stefan Thau,10.5465/annals.2018.0134,https://journals.aom.org/doi/10.5465/annals.2018.0134
2021,15,1,"Principled Leader Behaviors: An Integrative Framework and Extension of Why Leaders Are Fair, Ethical, and Nonabusive",Catherine E. Kleshinski; Kelly Schwind Wilson; Julia M. Stevenson-Street; Brent A. Scott,10.5465/annals.2019.0029,https://journals.aom.org/doi/10.5465/annals.2019.0029
2021,15,1,The Social and Relational Dynamics of Absenteeism From Work: A Multilevel Review and Integration,Mariella Miraglia; Gary Johns,10.5465/annals.2019.0036,https://journals.aom.org/doi/10.5465/annals.2019.0036
2021,15,1,Network Agency,Stefano Tasselli; Martin Kilduff,10.5465/annals.2019.0037,https://journals.aom.org/doi/10.5465/annals.2019.0037
2021,15,1,"Transaction Cost Theory: Past Progress, Current Challenges, and Suggestions for the Future",Ilya R. P. Cuypers; Jean-François Hennart; Brian S. Silverman; Gokhan Ertug,10.5465/annals.2019.0051,https://journals.aom.org/doi/10.5465/annals.2019.0051
2021,15,1,"If We See, Will We Agree? Unpacking the Complex Relationship Between Stimuli and Team Climate Strength",Matthew B. Perrigino; Hongzhi Chen; Benjamin B. Dunford; Benjamin R. Pratt,10.5465/annals.2019.0067,https://journals.aom.org/doi/10.5465/annals.2019.0067
2021,15,1,Stigma Beyond Levels: Advancing Research on Stigmatization,Rongrong Zhang; Milo Shaoqing Wang; Madeline Toubiana; Royston Greenwood,10.5465/annals.2019.0031,https://journals.aom.org/doi/10.5465/annals.2019.0031
2021,15,1,Red Giants or Black Holes? The Antecedent Conditions and Multilevel Impacts of Star Performers,Elham Asgari; Richard A. Hunt; Daniel A. Lerner; David M. Townsend; Mathew L. A. Hayward; Kip Kiefer,10.5465/annals.2019.0061,https://journals.aom.org/doi/10.5465/annals.2019.0061
2021,15,1,Is What’s Past Prologue? A Review and Agenda for Contemporary Employability Research,Mel Fugate; Beatrice van der Heijden; Ans De Vos; Anneleen Forrier; Nele De Cuyper,10.5465/annals.2018.0171,https://journals.aom.org/doi/10.5465/annals.2018.0171
2021,15,1,The “Other” Time: A Review of the Subjective Experience of Time in Organizations,Abbie J. Shipp; Karen J. Jansen,10.5465/annals.2018.0142,https://journals.aom.org/doi/10.5465/annals.2018.0142
2021,15,2,Publishing in the Academy of Management Journals,Kevin Rockmann; J. Stuart Bunderson; Carrie R. Leana; Paul Hibbert; Laszlo Tihanyi; Phillip H. Phan; Sherry M. B. Thatcher,10.5465/annals.2021.0122,https://journals.aom.org/doi/10.5465/annals.2021.0122
2021,15,2,Multicultural Experiences: A Systematic Review and New Theoretical Framework,William W. Maddux; Jackson G. Lu; Salvatore J. Affinito; Adam D. Galinsky,10.5465/annals.2019.0138,https://journals.aom.org/doi/10.5465/annals.2019.0138
2021,15,2,The Diffusion of Differences: A Review and Reorientation of 20 Years of Diffusion Research,Ivana Naumovska; Vibha Gaba; Henrich R. Greve,10.5465/annals.2019.0102,https://journals.aom.org/doi/10.5465/annals.2019.0102
2021,15,2,Can High-Quality Jobs Help Workers Learn New Tricks? A Multidisciplinary Review of Work Design for Cognition,Sharon K. Parker; M.K. Ward; Gwenith G. Fisher,10.5465/annals.2019.0057,https://journals.aom.org/doi/10.5465/annals.2019.0057
2021,15,2,Team Cognition at a Crossroad: Toward Conceptual Integration and Network Configurations,Susan Mohammed; Ramon Rico; Kent K. Alipour,10.5465/annals.2018.0159,https://journals.aom.org/doi/10.5465/annals.2018.0159
2021,15,2,Configurations of Craft: Alternative Models for Organizing Work,Jochem Kroezen; Davide Ravasi; Innan Sasaki; Monika Żebrowska; Roy Suddaby,10.5465/annals.2019.0145,https://journals.aom.org/doi/10.5465/annals.2019.0145
2021,15,2,Organizational Science and Health Care,Anna T. Mayo; Christopher G. Myers; Kathleen M. Sutcliffe,10.5465/annals.2019.0115,https://journals.aom.org/doi/10.5465/annals.2019.0115
2021,15,2,The Team Causes and Consequences of Team Membership Change: A Temporal Perspective,Jia Li; Daan van Knippenberg,10.5465/annals.2019.0110,https://journals.aom.org/doi/10.5465/annals.2019.0110
2021,15,2,"Disentangling the Process and Content of Self-Awareness: A Review, Critical Assessment, and Synthesis",Danbee Chon; Sim B. Sitkin,10.5465/annals.2018.0079,https://journals.aom.org/doi/10.5465/annals.2018.0079
2022,16,1,Organizations as Artificial Intelligences: The Use of Artificial Intelligence Analogies in Organization Theory,Felipe A. Csaszar; Tom Steinberger,10.5465/annals.2020.0192,https://journals.aom.org/doi/10.5465/annals.2020.0192
2022,16,1,What Does Homophily Do? A Review of the Consequences of Homophily,Gokhan Ertug; Julia Brennecke; Balázs Kovács; Tengjian Zou,10.5465/annals.2020.0230,https://journals.aom.org/doi/10.5465/annals.2020.0230
2022,16,1,The Translucent Hand of Managed Ecosystems: Engaging Communities for Value Creation and Capture,Elizabeth J. Altman; Frank Nagle; Michael L. Tushman,10.5465/annals.2020.0244,https://journals.aom.org/doi/10.5465/annals.2020.0244
2022,16,1,Transitioning the Study of Role Transitions: From an Attribute-Based to an Experience-Based Approach,Mailys M. George; Sarah Wittman; Kevin W. Rockmann,10.5465/annals.2020.0238,https://journals.aom.org/doi/10.5465/annals.2020.0238
2022,16,1,How Does Diversity Affect Team Cognitive Processes? Understanding the Cognitive Pathways Underlying the Diversity Dividend in Teams,Luis L. Martins; Wonbin Sohn,10.5465/annals.2019.0109,https://journals.aom.org/doi/10.5465/annals.2019.0109
2022,16,1,Killing The Cat? A Review of Curiosity at Work,Filip Lievens; Spencer H. Harrison; Patrick Mussel; Jordan A. Litman,10.5465/annals.2020.0203,https://journals.aom.org/doi/10.5465/annals.2020.0203
2022,16,1,The Aesthetic Dimension of Organizing: A Review and Research Agenda,Giada Baldessarelli; Ileana Stigliani; Kimberly D. Elsbach,10.5465/annals.2020.0198,https://journals.aom.org/doi/10.5465/annals.2020.0198
2022,16,1,"Geographic Mobility, Immobility, and Geographic Flexibility: A Review and Agenda for Research on the Changing Geography of Work",Prithwiraj (Raj) Choudhury,10.5465/annals.2020.0242,https://journals.aom.org/doi/10.5465/annals.2020.0242
2022,16,1,Incentive Effects on Ethics,Tae-Youn Park; Sanghee Park; Bruce Barry,10.5465/annals.2020.0251,https://journals.aom.org/doi/10.5465/annals.2020.0251
2022,16,1,Surplus Division between Labor and Capital: A Review and Research Agenda,Victoria Sevcenko; Lynn Wu; Aleksandra (Olenka) Kacperczyk; Sendil Ethiraj,10.5465/annals.2019.0130,https://journals.aom.org/doi/10.5465/annals.2019.0130
2022,16,1,"Entrepreneurship for the Public Good: A Review, Critique, and Path Forward for Social and Environmental Entrepreneurship Research",Siddharth Vedula; Claudia Doblinger; Desirée Pacheco; Jeffrey G. York; Sophie Bacq; Michael V. Russo; Thomas J. Dean,10.5465/annals.2019.0143,https://journals.aom.org/doi/10.5465/annals.2019.0143
2022,16,2,Bureaucracy for the 21st Century: Clarifying and Expanding Our View of Bureaucratic Organization,Pedro Monteiro; Paul S. Adler,10.5465/annals.2019.0059,https://journals.aom.org/doi/10.5465/annals.2019.0059
2022,16,2,A Strategic View of Team Learning in Organizations,Jean-François Harvey; Henrik Bresman; Amy C. Edmondson; Gary P. Pisano,10.5465/annals.2020.0352,https://journals.aom.org/doi/10.5465/annals.2020.0352
2022,16,2,"Individual-Centered Interventions: Identifying What, How, and Why Interventions Work in Organizational Contexts",Brittany Lambert; Brianna Barker Caza; Elizabeth Trinh; Susan Ashford,10.5465/annals.2020.0351,https://journals.aom.org/doi/10.5465/annals.2020.0351
2022,16,2,Barriers and Boosts: Using Inequity Frames Theory to Expand Understanding of Mechanisms of Race and Gender Inequity,L. Taylor Phillips; Sora Jun; Angela Shakeri,10.5465/annals.2020.0314,https://journals.aom.org/doi/10.5465/annals.2020.0314
2022,16,2,Theorizing Gender in Social Network Research: What We Do and What We Can Do Differently,Raina Brands; Gokhan Ertug; Fabio Fonti; Stefano Tasselli,10.5465/annals.2020.0370,https://journals.aom.org/doi/10.5465/annals.2020.0370
2022,16,2,Unpacking “Ideas” in Creative Work: A Multidisciplinary Review,Mel Hua 华莹莹; Sarah Harvey; Eric F. Rietzschel,10.5465/annals.2020.0210,https://journals.aom.org/doi/10.5465/annals.2020.0210
2022,16,2,Listening in Organizations: A Synthesis and Future Agenda,Jeffrey Yip; Colin M. Fisher,10.5465/annals.2020.0367,https://journals.aom.org/doi/10.5465/annals.2020.0367
2022,16,2,Understanding Communities of Practice: Taking Stock and Moving Forward,Davide Nicolini; Igor Pyrko; Omid Omidvar; Agnessa Spanellis,10.5465/annals.2020.0330,https://journals.aom.org/doi/10.5465/annals.2020.0330
2022,16,2,Strategic Alliance Outcomes: Consolidation and New Directions,Tadhg Ryan-Charleton; Devi R. Gnyawali; Nuno Oliveira,10.5465/annals.2020.0346,https://journals.aom.org/doi/10.5465/annals.2020.0346
2022,16,2,The Dark Side of Strong Identification in Organizations: A Conceptual Review,Dan V. Caprar; Benjamin W. Walker; Blake E. Ashforth,10.5465/annals.2020.0338,https://journals.aom.org/doi/10.5465/annals.2020.0338
2022,16,2,Cognitive Diversity at The Strategic Apex: Assessing Evidence on the Value of Different Perspectives and Ideas among Senior Leaders,C. Chet Miller; Sana (Shih-Chi) Chiu; Curtis L. Wesley II; Dusya Vera; Derek R. Avery,10.5465/annals.2020.0387,https://journals.aom.org/doi/10.5465/annals.2020.0387
2022,16,2,"Intraorganizational Network Dynamics: Past Progress, Current Challenges, and New Frontiers",Dennis H. Jacobsen; Diego Stea; Giuseppe (Beppe) Soda,10.5465/annals.2020.0369,https://journals.aom.org/doi/10.5465/annals.2020.0369
2023,17,1,"Expert Critics, Rankings, and Review Aggregators: The Changing Nature of Intermediation and the Rise of Markets with Multiple Intermediaries",Amanda Sharkey; Balázs Kovács; Greta Hsu,10.5465/annals.2021.0025,https://journals.aom.org/doi/10.5465/annals.2021.0025
2023,17,1,Organizational Body Work: Efforts to Shape Human Bodies in Organizations,Thomas B. Lawrence; Eva Schlindwein; Rohini Jalan; Emily D. Heaphy,10.5465/annals.2021.0047,https://journals.aom.org/doi/10.5465/annals.2021.0047
2023,17,1,"Reconceptualizing Imitation: Implications for Dynamic Capabilities, Innovation, and Competitive Advantage",Hart E. Posen; Jan-Michael Ross; Brian Wu; Stefano Benigni; Zhi Cao,10.5465/annals.2021.0044,https://journals.aom.org/doi/10.5465/annals.2021.0044
2023,17,1,Virtuality at Work: A Doubled-Edged Sword for Women’s Career Equality?,Isabel Villamor; N. Sharon Hill; Ellen Ernst Kossek; Kira O. Foley,10.5465/annals.2020.0384,https://journals.aom.org/doi/10.5465/annals.2020.0384
2023,17,1,The Evolution of Technology,Stine Grodal; Anders Dahl Krabbe; Mia Chang-Zunino,10.5465/annals.2021.0086,https://journals.aom.org/doi/10.5465/annals.2021.0086
2023,17,1,Missed Connections Between the Leadership and Work–Life Fields: Work–Life Supportive Leadership for a Dual Agenda,Ellen Ernst Kossek; Matthew B. Perrigino; Marcello Russo; Gabriele Morandin,10.5465/annals.2021.0085,https://journals.aom.org/doi/10.5465/annals.2021.0085
2023,17,1,Dignity Inherent and Earned: The Experience of Dignity at Work,Cristina Gibson; Bobbi Thomason; Jaclyn Margolis; Kevin Groves; Stephen Gibson; Jennifer Franczak,10.5465/annals.2021.0059,https://journals.aom.org/doi/10.5465/annals.2021.0059
2023,17,1,"The Use of Contracts on Employees: Their Widespread Use, and the Implications for Management",Peter Cappelli; Liat Eldor,10.5465/annals.2021.0034,https://journals.aom.org/doi/10.5465/annals.2021.0034
2023,17,1,An Intellectual History of Institutional Theory: Looking Back to Move Forward,Mary Ann Glynn; Thomas D’Aunno,10.5465/annals.2020.0341,https://journals.aom.org/doi/10.5465/annals.2020.0341
2023,17,1,Leadership Styles: A Comprehensive Assessment and Way Forward,Thomas Fischer; Sim B. Sitkin,10.5465/annals.2020.0340,https://journals.aom.org/doi/10.5465/annals.2020.0340
2023,17,1,Ecologies of Memories: Memory Work Within and Between Organizations and Communities,Diego M. Coraiola; William M. Foster; Sébastien Mena; Hamid Foroughi; Jukka Rintamäki,10.5465/annals.2021.0088,https://journals.aom.org/doi/10.5465/annals.2021.0088
2023,17,2,"The Dynamics of Work Orientations: An Updated Typology and Agenda for the Study of Jobs, Careers, and Callings",Kira Schabram; Jordan Nielsen; Jeffery Thompson,10.5465/annals.2021.0153,https://journals.aom.org/doi/10.5465/annals.2021.0153
2023,17,2,New Perspectives and Critical Insights from Indigenous Peoples’ Research: A Systematic Review of Indigenous Management and Organization Literature,Emily Salmon; Juan Francisco Chavez R.; Matthew Murphy,10.5465/annals.2021.0132,https://journals.aom.org/doi/10.5465/annals.2021.0132
2023,17,2,A Racialized View of Entrepreneurship: A Review and Proposal for Future Research,Garry D. Bruton; Alexander Lewis; Jose A. Cerecedo-Lopez; Kenneth Chapman,10.5465/annals.2021.0185,https://journals.aom.org/doi/10.5465/annals.2021.0185
2023,17,2,Mitigating or Magnifying the Harmful Influence of Workplace Aggression: An Integrative Review,Rui Zhong; Huiwen Lian; M. Sandy Hershcovis; Sandra L. Robinson,10.5465/annals.2021.0144,https://journals.aom.org/doi/10.5465/annals.2021.0144
2023,17,2,Organizational Experience and Performance: A Systematic Review and Contingency Framework,Markku Maula; Koen H. Heimeriks; Thomas Keil,10.5465/annals.2021.0073,https://journals.aom.org/doi/10.5465/annals.2021.0073
2023,17,2,"Women in the C-Suite: A Review of Predictors, Experiences, and Outcomes",Junghyun Mah; Kalin D. Kolev; Gerry McNamara; Lingling Pan; Cynthia E. Devers,10.5465/annals.2021.0042,https://journals.aom.org/doi/10.5465/annals.2021.0042
2023,17,2,Theorizing about the Implications of Multiplexity: An Integrative Typology,Gokhan Ertug; Julia Brennecke; Stefano Tasselli,10.5465/annals.2021.0193,https://journals.aom.org/doi/10.5465/annals.2021.0193
2023,17,2,"Honest Behavior: Truth-Seeking, Belief-Speaking, and Fostering Understanding of the Truth in Others",Binyamin Cooper; Taya R. Cohen; Elizabeth Huppert; Emma E. Levine; William Fleeson,10.5465/annals.2021.0209,https://journals.aom.org/doi/10.5465/annals.2021.0209
2023,17,2,The Social Innovation Trap: Critical Insights into an Emerging Field,Christine M. Beckman; Jovanna Rosen; Jeimee Estrada-Miller; Gary Painter,10.5465/annals.2021.0089,https://journals.aom.org/doi/10.5465/annals.2021.0089
2023,17,2,Pushing Back Against Power: Using a Multilevel Power Lens to Understand Intersectionality in the Workplace,Sherry M. B. Thatcher; Christina B. Hymer; Rebecca P. Arwine,10.5465/annals.2021.0210,https://journals.aom.org/doi/10.5465/annals.2021.0210
2023,17,2,"Mental Health and Mental Illness in Organizations: A Review, Comparison, and Extension",Emily H. Rosado-Solomon; Jaclyn Koopmann; Wyatt Lee; Matthew A. Cronin,10.5465/annals.2021.0211,https://journals.aom.org/doi/10.5465/annals.2021.0211
2023,17,2,Unpacking Errors in Organizations as Processes: Integrating Organizational Research and Operations Management Literature,Zhike Lei; Eitan Naveh,10.5465/annals.2021.0066,https://journals.aom.org/doi/10.5465/annals.2021.0066
